<?xml version="1.0" encoding="UTF-8" standalone="yes"?>
<accounts>
    <users>
        <account access="guest" id="1270">
            <firstName></firstName>
            <lastName></lastName>
            <DOB>2000-02-12</DOB>
            <sex>Male</sex>
            <phoneNumber></phoneNumber>
            <email></email>
            <password></password>
            <address></address>
            <zipcode></zipcode>
            <city></city>
            <state>AL</state>
            <country>United States</country>
        </account>
        <account access="admin" id="6798">
            <firstName>admin</firstName>
            <lastName>Smith</lastName>
            <DOB>2000-02-12</DOB>
            <sex>Male</sex>
            <phoneNumber>5124091690</phoneNumber>
            <email>admin</email>
            <password> </password>
            <address>1102 Speight Ave</address>
            <zipcode>76706</zipcode>
            <city>Waco</city>
            <state>TX</state>
            <country>United States</country>
        </account>
        <account access="clerk" id="6798">
            <firstName>Luke</firstName>
            <lastName>Smith</lastName>
            <DOB>2000-02-12</DOB>
            <sex>Male</sex>
            <phoneNumber>5124091690</phoneNumber>
            <email>clerk</email>
            <password> </password>
            <address>1102 Speight Ave</address>
            <zipcode>76706</zipcode>
            <city>Waco</city>
            <state>TX</state>
            <country>United States</country>
        </account>
        <account access="guest" id="6798">
            <firstName>Luke</firstName>
            <lastName>Smith</lastName>
            <DOB>2000-02-12</DOB>
            <sex>Male</sex>
            <phoneNumber>5124091690</phoneNumber>
            <email>guest</email>
            <password> </password>
            <address>1102 Speight Ave</address>
            <zipcode>76706</zipcode>
            <city>Waco</city>
            <state>TX</state>
            <country>United States</country>
        </account>
        <account access="guest" id="4742">
            <firstName></firstName>
            <lastName></lastName>
            <DOB>2000-02-12</DOB>
            <sex>Male</sex>
            <phoneNumber></phoneNumber>
            <email></email>
            <password></password>
            <address></address>
            <zipcode></zipcode>
            <city></city>
            <state>AL</state>
            <country>United States</country>
        </account>
        <account access="guest" id="1169">
            <firstName>bob</firstName>
            <lastName>bob</lastName>
            <DOB>2000-02-12</DOB>
            <sex>Male</sex>
            <phoneNumber>bob</phoneNumber>
            <email>bob</email>
            <password>bob</password>
            <address>bob</address>
            <zipcode>727</zipcode>
            <city>bob</city>
            <state>AL</state>
            <country>United States</country>
        </account>
        <account access="guest" id="6106">
            <firstName></firstName>
            <lastName></lastName>
            <DOB>2000-02-12</DOB>
            <sex>Male</sex>
            <phoneNumber></phoneNumber>
            <email></email>
            <password></password>
            <address></address>
            <zipcode></zipcode>
            <city></city>
            <state>AL</state>
            <country>United States</country>
        </account>
        <account access="guest" id="2987">
            <firstName></firstName>
            <lastName></lastName>
            <DOB>2000-02-12</DOB>
            <sex>Male</sex>
            <phoneNumber></phoneNumber>
            <email></email>
            <password></password>
            <address></address>
            <zipcode></zipcode>
            <city></city>
            <state>AL</state>
            <country>United States</country>
        </account>
        <account access="guest" id="5234">
            <firstName></firstName>
            <lastName></lastName>
            <DOB>2000-02-12</DOB>
            <sex>Male</sex>
            <phoneNumber></phoneNumber>
            <email></email>
            <password></password>
            <address></address>
            <zipcode></zipcode>
            <city></city>
            <state>AL</state>
            <country>United States</country>
        </account>
        <account access="guest" id="5065">
            <firstName>Luke</firstName>
            <lastName>Smith</lastName>
            <DOB>2000-02-12</DOB>
            <sex>Male</sex>
            <phoneNumber>5124091690</phoneNumber>
            <email>jlukesmith0221@gmail.com</email>
            <password>meow</password>
            <address>1102 Speight Ave</address>
            <zipcode>76706</zipcode>
            <city>Waco</city>
            <state>TX</state>
            <country>United States</country>
        </account>
        <account access="guest" id="1240">
            <firstName>Chris</firstName>
            <lastName>chenoweth</lastName>
            <DOB>2000-02-12</DOB>
            <sex>Male</sex>
            <phoneNumber></phoneNumber>
            <email>chris.chenoweth03@gmail.com</email>
            <password>1234</password>
            <address></address>
            <zipcode></zipcode>
            <city></city>
            <state>AL</state>
            <country>United States</country>
        </account>
    </users>
</accounts>
