<?xml version="1.0" encoding="UTF-8" standalone="yes"?>
<roomReservations>
    <reserveMap>
        <entry>
            <key>321</key>
            <value>
                <reserveList>
                    <email>shep</email>
                    <roomNumber>321</roomNumber>
                    <payed>false</payed>
                    <checkIn>2023-05-17T01:00:00-05:00</checkIn>
                    <checkOut>2023-05-19T01:00:00-05:00</checkOut>
                </reserveList>
            </value>
        </entry>
        <entry>
            <key>212</key>
            <value>
                <reserveList>
                    <email>clerk</email>
                    <roomNumber>212</roomNumber>
                    <payed>false</payed>
                    <checkIn>2023-05-26T19:56:45.768-05:00</checkIn>
                    <checkOut>2023-05-31T19:56:45.772-05:00</checkOut>
                </reserveList>
                <reserveList>
                    <email>clerk</email>
                    <roomNumber>212</roomNumber>
                    <payed>false</payed>
                    <checkIn>2023-05-18T21:35:51.178-05:00</checkIn>
                    <checkOut>2023-05-18T21:35:51.181-05:00</checkOut>
                </reserveList>
                <reserveList>
                    <email>clerk</email>
                    <roomNumber>212</roomNumber>
                    <payed>false</payed>
                    <checkIn>2023-05-18T22:14:10.552-05:00</checkIn>
                    <checkOut>2023-05-18T22:14:10.557-05:00</checkOut>
                </reserveList>
            </value>
        </entry>
        <entry>
            <key>123</key>
            <value>
                <reserveList>
                    <email>jlukesmith0221@gmail.com</email>
                    <roomNumber>123</roomNumber>
                    <payed>false</payed>
                    <checkIn>2023-05-18T19:44:21.152-05:00</checkIn>
                    <checkOut>2023-05-18T19:44:21.158-05:00</checkOut>
                </reserveList>
            </value>
        </entry>
        <entry>
            <key>222</key>
            <value>
                <reserveList>
                    <email>shep</email>
                    <roomNumber>222</roomNumber>
                    <payed>true</payed>
                    <checkIn>2023-01-01T00:00:00-06:00</checkIn>
                    <checkOut>2023-01-05T00:00:00-06:00</checkOut>
                </reserveList>
                <reserveList>
                    <email>jlukesmith0221@gmail.com</email>
                    <roomNumber>222</roomNumber>
                    <payed>false</payed>
                    <checkIn>2023-05-18T19:44:21.152-05:00</checkIn>
                    <checkOut>2023-05-18T19:44:21.158-05:00</checkOut>
                </reserveList>
            </value>
        </entry>
        <entry>
            <key>111</key>
            <value>
                <reserveList>
                    <email>clerk</email>
                    <roomNumber>111</roomNumber>
                    <payed>false</payed>
                    <checkIn>2023-05-26T19:56:45.768-05:00</checkIn>
                    <checkOut>2023-05-31T19:56:45.772-05:00</checkOut>
                </reserveList>
            </value>
        </entry>
    </reserveMap>
</roomReservations>
